Index,Category, Sub-Category, Sub-Sub-Category, Link
0,"Mobiles, Computers","mobiles, tablets &amp; more",All Mobile Phones,https://www.amazon.in/gp/browse.html?node=1389401031&ref_=nav_em_sbc_mobcomp_all_mobiles_0_2_8_2
1,"Mobiles, Computers","mobiles, tablets &amp; more",All Mobile Accessories,https://www.amazon.in/gp/browse.html?node=1389402031&ref_=nav_em_sbc_mobcomp_mobile_acc_0_2_8_3
2,"Mobiles, Computers","mobiles, tablets &amp; more",Cases & Covers,https://www.amazon.in/gp/browse.html?node=1389409031&ref_=nav_em_sbc_mobcomp_mobile_covers_0_2_8_4
3,"Mobiles, Computers","mobiles, tablets &amp; more",Screen Protectors,https://www.amazon.in/gp/browse.html?node=1389425031&ref_=nav_em_sbc_mobcomp_scrn_protector_0_2_8_5
4,"Mobiles, Computers","mobiles, tablets &amp; more",Power Banks,https://www.amazon.in/gp/browse.html?node=6612025031&ref_=nav_em_sbc_mobcomp_powerbank_0_2_8_6
5,"Mobiles, Computers","mobiles, tablets &amp; more",Refurbished & Open Box,https://www.amazon.in/gp/browse.html?node=12497409031&ref_=nav_em_sbc_mobcomp_certfied_refurbished_0_2_8_7
6,"Mobiles, Computers","mobiles, tablets &amp; more",Tablets,https://www.amazon.in/gp/browse.html?node=1375458031&ref_=nav_em_sbc_mobcomp_tablets_0_2_8_8
7,"Mobiles, Computers","mobiles, tablets &amp; more",Wearable Devices,https://www.amazon.in/gp/browse.html?node=11599648031&ref_=nav_em_sbc_mobcomp_wearable_0_2_8_9
8,"Mobiles, Computers","mobiles, tablets &amp; more",Smart Home,https://www.amazon.in/gp/browse.html?node=13773797031&ref_=nav_em_sbc_pc_smarthome_0_2_8_10
9,"Mobiles, Computers","mobiles, tablets &amp; more",Office Supplies & Stationery,https://www.amazon.in/gp/browse.html?node=2454172031&ref_=nav_em_sbc_mobcomp_office_0_2_8_11
10,"Mobiles, Computers","mobiles, tablets &amp; more", Software ,https://www.amazon.in/gp/browse.html?node=976451031&ref_=nav_em_sbc_mobcomp_software_0_2_8_12
11,"Mobiles, Computers",computers &amp; accessories, All Computers & Accessories ,https://www.amazon.in/gp/browse.html?node=976392031&ref_=nav_em_sbc_mobcomp_all_comp_0_2_8_14
12,"Mobiles, Computers",computers &amp; accessories,Laptops,https://www.amazon.in/gp/browse.html?node=1375424031&ref_=nav_em_sbc_mobcomp_laptops_0_2_8_15
13,"Mobiles, Computers",computers &amp; accessories,Drives & Storage,https://www.amazon.in/gp/browse.html?node=1375393031&ref_=nav_em_sbc_mobcomp_pendrives_0_2_8_16
14,"Mobiles, Computers",computers &amp; accessories,Printers & Ink,https://www.amazon.in/gp/browse.html?node=1375443031&ref_=nav_em_sbc_mobcomp_printers_0_2_8_17
15,"Mobiles, Computers",computers &amp; accessories,Networking Devices,https://www.amazon.in/gp/browse.html?node=1375427031&ref_=nav_em_pc_sbc_networking_0_2_8_18
16,"Mobiles, Computers",computers &amp; accessories, Computer Accessories ,https://www.amazon.in/gp/browse.html?node=1375248031&ref_=nav_em_sbc_mobcomp_comp_acc_0_2_8_19
17,"Mobiles, Computers",computers &amp; accessories,Game Zone,https://www.amazon.in/gp/browse.html?node=14142561031&ref_=nav_em_sbc_pc_gamezone_0_2_8_20
18,"Mobiles, Computers",computers &amp; accessories,Monitors,https://www.amazon.in/gp/browse.html?node=1375425031&ref_=nav_em_sbc_mobcomp_monitors_0_2_8_21
19,"Mobiles, Computers",computers &amp; accessories,Desktops,https://www.amazon.in/gp/browse.html?node=1375392031&ref_=nav_em_sbc_mobcomp_desktops_0_2_8_22
20,"Mobiles, Computers",computers &amp; accessories,Components,https://www.amazon.in/gp/browse.html?node=1375344031&ref_=nav_em_sbc_mobcomp_component_0_2_8_23
21,"Mobiles, Computers",computers &amp; accessories, All Electronics ,https://www.amazon.in/gp/browse.html?node=976419031&ref_=nav_em_sbc_mobcomp_elec_all_0_2_8_24
22,"TV, Appliances, Electronics","tv, audio &amp; cameras",Televisions,https://www.amazon.in/gp/browse.html?node=1389396031&ref_=nav_em_sbc_tvelec_television_0_2_9_2
23,"TV, Appliances, Electronics","tv, audio &amp; cameras",Home Entertainment Systems,https://www.amazon.in/gp/browse.html?node=1389375031&ref_=nav_em_sbc_tvelec_home_ent_0_2_9_3
24,"TV, Appliances, Electronics","tv, audio &amp; cameras",Headphones,https://www.amazon.in/gp/browse.html?node=1388921031&ref_=nav_em_sbc_tvelec_headphones_0_2_9_4
25,"TV, Appliances, Electronics","tv, audio &amp; cameras",Speakers,https://www.amazon.in/gp/browse.html?node=1389365031&ref_=nav_em_sbc_tvelec_speakers_0_2_9_5
26,"TV, Appliances, Electronics","tv, audio &amp; cameras",Home Audio & Theater,https://www.amazon.in/gp/browse.html?node=1389387031&ref_=nav_em_sbc_tvelec_homeaud_all_0_2_9_6
27,"TV, Appliances, Electronics","tv, audio &amp; cameras",Cameras,https://www.amazon.in/gp/browse.html?node=1388977031&ref_=nav_em_sbc_tvelec_cameras_0_2_9_7
28,"TV, Appliances, Electronics","tv, audio &amp; cameras",DSLR Cameras,https://www.amazon.in/gp/browse.html?node=1389177031&ref_=nav_em_sbc_tvelec_dslr_0_2_9_8
29,"TV, Appliances, Electronics","tv, audio &amp; cameras",Security Cameras,https://www.amazon.in/gp/browse.html?node=1389203031&ref_=nav_em_sbc_tvelec_security_0_2_9_9
30,"TV, Appliances, Electronics","tv, audio &amp; cameras",Camera Accessories,https://www.amazon.in/gp/browse.html?node=1388978031&ref_=nav_em_sbc_tvelec_cam_acc_0_2_9_10
31,"TV, Appliances, Electronics","tv, audio &amp; cameras",Musical Instruments & Professional Audio,https://www.amazon.in/gp/browse.html?node=3677697031&ref_=nav_em_sbc_tvelec_musical_inst_0_2_9_11
32,"TV, Appliances, Electronics","tv, audio &amp; cameras",Gaming Consoles,https://www.amazon.in/gp/browse.html?node=4092115031&ref_=nav_em_sbc_tvelec_gaming_consoles_0_2_9_12
33,"TV, Appliances, Electronics","tv, audio &amp; cameras", All Electronics ,https://www.amazon.in/gp/browse.html?node=976419031&ref_=nav_em_sbc_tvelec_all_elec_0_2_9_13
34,"TV, Appliances, Electronics",appliances,Air Conditioners,https://www.amazon.in/gp/browse.html?node=3474656031&ref_=nav_em_sbc_tvelec_ac_0_2_9_15
35,"TV, Appliances, Electronics",appliances,Refrigerators,https://www.amazon.in/gp/browse.html?node=1380365031&ref_=nav_em_sbc_tvelec_fridges_0_2_9_16
36,"TV, Appliances, Electronics",appliances,Washing Machines,https://www.amazon.in/gp/browse.html?node=1380369031&ref_=nav_em_sbc_tvelec_washing_machine_0_2_9_17
37,"TV, Appliances, Electronics",appliances,Kitchen & Home Appliances,https://www.amazon.in/gp/browse.html?node=4951860031&ref_=nav_em_sbc_tvelec_kitchen_appliances_0_2_9_18
38,"TV, Appliances, Electronics",appliances,Heating & Cooling Appliances,https://www.amazon.in/gp/browse.html?node=2083423031&ref_=nav_em_sbc_tvelec_heating_appl_0_2_9_19
39,"TV, Appliances, Electronics",appliances,All Appliances,https://www.amazon.in/gp/browse.html?node=5122348031&ref_=nav_em_sbc_tvelec_all_appliance_0_2_9_20
40,Men's Fashion,men's clothing,Clothing,https://www.amazon.in/gp/browse.html?node=1968024031&ref_=nav_em_sbc_mfashion_clothing_0_2_10_2
41,Men's Fashion,men's clothing,T-shirts & Polos,https://www.amazon.in/gp/browse.html?node=1968120031&ref_=nav_em_sbc_mfashion_tshirts_0_2_10_3
42,Men's Fashion,men's clothing,Shirts,https://www.amazon.in/gp/browse.html?node=1968093031&ref_=nav_em_sbc_mfashion_shirts_0_2_10_4
43,Men's Fashion,men's clothing,Jeans,https://www.amazon.in/gp/browse.html?node=1968076031&ref_=nav_em_sbc_mfashion_jeans_0_2_10_5
44,Men's Fashion,men's clothing,Innerwear,https://www.amazon.in/gp/browse.html?node=1968126031&ref_=nav_em_sbc_mfashion_innerwear_0_2_10_6
45,Men's Fashion,accessories,Watches,https://www.amazon.in/gp/browse.html?node=2563504031&ref_=nav_em_sbc_mfashion_watches_0_2_10_8
46,Men's Fashion,accessories,Bags & Luggage,https://www.amazon.in/gp/browse.html?node=2454169031&ref_=nav_em_sbc_mfashion_bags_0_2_10_9
47,Men's Fashion,accessories,Sunglasses,https://www.amazon.in/gp/browse.html?node=1968036031&ref_=nav_em_sbc_mfashion_sunglasses_0_2_10_10
48,Men's Fashion,accessories,Jewellery,https://www.amazon.in/gp/browse.html?node=7124359031&ref_=nav_em_sbc_mfashion_jewelry_0_2_10_11
49,Men's Fashion,accessories,Wallets,https://www.amazon.in/gp/browse.html?node=2917496031&ref_=nav_em_sbc_mfashion_wallets_0_2_10_12
50,Men's Fashion,men's shoes,Shoes,https://www.amazon.in/gp/browse.html?node=1983518031&ref_=nav_em_sbc_mfashion_shoes_0_2_10_14
51,Men's Fashion,men's shoes,Sports Shoes,https://www.amazon.in/gp/browse.html?node=1983519031&ref_=nav_em_sbc_mfashion_sportshoes_0_2_10_15
52,Men's Fashion,men's shoes,Formal Shoes,https://www.amazon.in/gp/browse.html?node=1983572031&ref_=nav_em_sbc_mfashion_formalshoes_0_2_10_16
53,Men's Fashion,men's shoes,Casual Shoes,https://www.amazon.in/gp/browse.html?node=9780814031&ref_=nav_em_sbc_mfashion_casualshoes_0_2_10_17
54,Men's Fashion,stores,Sportswear,https://www.amazon.in/gp/browse.html?node=12456568031&ref_=nav_em_sbc_mfashion_sportswear_0_2_10_19
55,Men's Fashion,stores,The Designer Boutique,https://www.amazon.in/gp/browse.html?node=6172354031&ref_=nav_em_sbc_mfashion_designerstore_0_2_10_20
56,Men's Fashion,stores,Men's Fashion,https://www.amazon.in/gp/browse.html?node=7459781031&ref_=nav_em_sbc_mfashion_all_0_2_10_21
57,Men's Fashion,stores,Amazon Fashion,https://www.amazon.in/gp/browse.html?node=6648217031&ref_=nav_em_sbc_mfashion_af_0_2_10_22
58,Men's Fashion,stores,Men's Handlooms,https://www.amazon.in/gp/browse.html?node=11969751031&ref_=nav_em_sbc_mfashion_handloom_0_2_10_23
59,Men's Fashion,stores,Fashion Sales & Deals,https://www.amazon.in/gp/browse.html?node=4188827031&ref_=nav_em_sbc_mfashion_sales_deals_0_2_10_24
60,Women's Fashion,women's clothing,Clothing,https://www.amazon.in/gp/browse.html?node=1953602031&ref_=nav_em_sbc_wfashion_clothing_0_2_11_2
61,Women's Fashion,women's clothing,Western Wear,https://www.amazon.in/gp/browse.html?node=11400137031&ref_=nav_em_sbc_wfashion_western_0_2_11_3
62,Women's Fashion,women's clothing,Ethnic Wear,https://www.amazon.in/gp/browse.html?node=1968253031&ref_=nav_em_sbc_wfashion_ethnic_0_2_11_4
63,Women's Fashion,women's clothing,Lingerie & Nightwear,https://www.amazon.in/gp/browse.html?node=11400136031&ref_=nav_em_sbc_wfashion_lingerie_0_2_11_5
64,Women's Fashion,women's clothing,Top Brands,https://www.amazon.in/s?bbn=1953602031&lo=apparel&rh=i%3Aapparel%2Cn%3A1571271031%2Cn%3A%211571272031%2Cn%3A1953602031%2Ck%3A-sunglass%20-eye%2Cp_98%3A10440597031%2Cp_n_feature_nineteen_browse-bin%3A11301357031&ref_=nav_em_sbc_wfashion_topbrands_0_2_11_6
65,Women's Fashion,accessories,Watches,https://www.amazon.in/gp/browse.html?node=2563505031&ref_=nav_em_sbc_wfashion_watches_0_2_11_8
66,Women's Fashion,accessories,Handbags & Clutches,https://www.amazon.in/gp/browse.html?node=1983338031&ref_=nav_em_sbc_wfashion_handbags_0_2_11_9
67,Women's Fashion,accessories,Gold & Diamond Jewellery,https://www.amazon.in/gp/browse.html?node=5210069031&ref_=nav_em_sbc_wfashion_jewelry_0_2_11_10
68,Women's Fashion,accessories,Fashion & Silver Jewellery,https://www.amazon.in/gp/browse.html?node=5210079031&ref_=nav_em_sbc_wfashion_fashionjwl_0_2_11_11
69,Women's Fashion,accessories,Sunglasses,https://www.amazon.in/gp/browse.html?node=1968401031&ref_=nav_em_sbc_wfashion_sunglasses_0_2_11_12
70,Women's Fashion,women's shoes,Shoes,https://www.amazon.in/gp/browse.html?node=1983578031&ref_=nav_em_sbc_wfashion_shoes_0_2_11_14
71,Women's Fashion,women's shoes,Fashion Sandals,https://www.amazon.in/gp/browse.html?node=1983633031&ref_=nav_em_sbc_wfashion_sandals_0_2_11_15
72,Women's Fashion,women's shoes,Ballerinas,https://www.amazon.in/gp/browse.html?node=1983627031&ref_=nav_em_sbc_wfashion_ballerina_0_2_11_16
73,Women's Fashion,stores,The Designer Boutique,https://www.amazon.in/gp/browse.html?node=6172354031&ref_=nav_em_sbc_wfashion_designerstore_0_2_11_18
74,Women's Fashion,stores,Handloom & Handicraft Store,https://www.amazon.in/gp/browse.html?node=11971792031&ref_=nav_em_sbc_wfashion_handloomstore_0_2_11_19
75,Women's Fashion,stores,Sportswear,https://www.amazon.in/gp/browse.html?node=12302884031&ref_=nav_em_sbc_wfashion_sportswear_0_2_11_20
76,Women's Fashion,stores,Women's Fashion,https://www.amazon.in/gp/browse.html?node=7459780031&ref_=nav_em_sbc_wfashion_all_0_2_11_21
77,Women's Fashion,stores,Amazon Fashion,https://www.amazon.in/gp/browse.html?node=6648217031&ref_=nav_em_sbc_wfashion_af_0_2_11_22
78,Women's Fashion,stores,Fashion Sales & Deals,https://www.amazon.in/gp/browse.html?node=4188827031&ref_=nav_em_sbc_wfashion_sales_deals_0_2_11_23
79,"Home, Kitchen, Pets",home &amp; kitchen ,Explore Showroom,https://www.amazon.in/showroom?ref_=nav_em_srm_shopall_in_0_2_12_2
80,"Home, Kitchen, Pets",home &amp; kitchen ,Kitchen & Dining,https://www.amazon.in/gp/browse.html?node=5925789031&ref_=nav_em_sbc_hk_kitchendining_0_2_12_3
81,"Home, Kitchen, Pets",home &amp; kitchen ,Kitchen Storage & Containers,https://www.amazon.in/gp/browse.html?node=1379989031&ref_=nav_em_sbc_hk_kitchenstorage_0_2_12_4
82,"Home, Kitchen, Pets",home &amp; kitchen ,Furniture,https://www.amazon.in/gp/browse.html?node=1380441031&ref_=nav_em_sbc_hk_furniture_0_2_12_5
83,"Home, Kitchen, Pets",home &amp; kitchen ,Fine Art,https://www.amazon.in/gp/browse.html?node=13740856031&ref_=nav_em_sbc_fineart_in_0_2_12_6
84,"Home, Kitchen, Pets",home &amp; kitchen ,Home Furnishing,https://www.amazon.in/gp/browse.html?node=1380442031&ref_=nav_em_sbc_hk_furnishing_0_2_12_7
85,"Home, Kitchen, Pets",home &amp; kitchen ,Bedroom Linen,https://www.amazon.in/gp/browse.html?node=1380447031&ref_=nav_em_sbc_hk_bedroom_linen_0_2_12_8
86,"Home, Kitchen, Pets",home &amp; kitchen ,"Home DÃ©cor
",https://www.amazon.in/gp/browse.html?node=1380374031&ref_=nav_em_sbc_hk_decor_0_2_12_9
87,"Home, Kitchen, Pets",home &amp; kitchen ,Garden & Outdoors,https://www.amazon.in/gp/browse.html?node=2454175031&ref_=nav_em_sbc_hk_garden_outdoor_0_2_12_10
88,"Home, Kitchen, Pets",home &amp; kitchen ,Home Storage,https://www.amazon.in/gp/browse.html?node=1380510031&ref_=nav_em_sbc_hk_home_storage_0_2_12_11
89,"Home, Kitchen, Pets",home &amp; kitchen ,Indoor Lighting,https://www.amazon.in/gp/browse.html?node=1380485031&ref_=nav_em_sbc_hk_lighting_0_2_12_12
90,"Home, Kitchen, Pets",home &amp; kitchen ,Home Improvement,https://www.amazon.in/gp/browse.html?node=4286640031&ref_=nav_em_sbc_hk_homeimprovement_0_2_12_13
91,"Home, Kitchen, Pets",home &amp; kitchen ,Sewing & Craft Supplies,https://www.amazon.in/gp/browse.html?node=10743065031&ref_=nav_em_sbc_hk_craftsupplies_0_2_12_14
92,"Home, Kitchen, Pets",home &amp; kitchen ,All Home & Kitchen,https://www.amazon.in/gp/browse.html?node=976442031&ref_=nav_em_sbc_hk_all_0_2_12_15
93,"Home, Kitchen, Pets",home &amp; kitchen ,Shop by Room,https://www.amazon.in/gp/browse.html?node=10892568031&ref_=nav_em_sbc_hk_shop_by_room_0_2_12_16
94,"Home, Kitchen, Pets",home &amp; kitchen ,Home & Kitchen Deals,https://www.amazon.in/gp/browse.html?node=4916278031&ref_=nav_em_sbc_hk_deals_0_2_12_17
95,"Home, Kitchen, Pets",pet supplies,All Pet Supplies,https://www.amazon.in/gp/browse.html?node=2454181031&ref_=nav_em_sbc_hk_pets_all_0_2_12_19
96,"Home, Kitchen, Pets",pet supplies,Dog supplies,https://www.amazon.in/gp/browse.html?node=4771342031&ref_=nav_em_sbc_hk_petdogs_0_2_12_20
97,"Home, Kitchen, Pets","home, kitchen, pets",Refurbished & Open Box,https://www.amazon.in/gp/browse.html?node=15290771031&ref_=nav_em_sbc_hk_certified_refurbished_0_2_12_22
98,"Beauty, Health, Grocery",beauty &amp; health,Beauty & Grooming,https://www.amazon.in/gp/browse.html?node=1355016031&ref_=nav_em_sbc_bhg_beauty_all_0_2_13_2
99,"Beauty, Health, Grocery",beauty &amp; health,Luxury Beauty,https://www.amazon.in/gp/browse.html?node=5311359031&ref_=nav_em_sbc_bhg_lux_0_2_13_3
100,"Beauty, Health, Grocery",beauty &amp; health,Make-up,https://www.amazon.in/gp/browse.html?node=1374357031&ref_=nav_em_sbc_bhg_makeup_0_2_13_4
101,"Beauty, Health, Grocery",beauty &amp; health,Health & Personal Care,https://www.amazon.in/gp/browse.html?node=1350384031&ref_=nav_em_sbc_bhg_hpc_0_2_13_5
102,"Beauty, Health, Grocery",beauty &amp; health,Amazon Pharmacy,https://www.amazon.in/gp/browse.html?node=18049712031&ref_=nav_em_sbc_desktop_pharmacy_0_2_13_6
103,"Beauty, Health, Grocery",beauty &amp; health,Household Supplies,https://www.amazon.in/gp/browse.html?node=1374515031&ref_=nav_em_sbc_bhg_household_0_2_13_7
104,"Beauty, Health, Grocery",beauty &amp; health,Personal Care Appliances,https://www.amazon.in/gp/browse.html?node=3150028031&ref_=nav_em_sbc_bhg_pca_0_2_13_8
105,"Beauty, Health, Grocery",beauty &amp; health, Diet & Nutrition,https://www.amazon.in/gp/browse.html?node=1374489031&ref_=nav_em_sbc_bhg_dnn_0_2_13_9
106,"Beauty, Health, Grocery",beauty &amp; health,Subscribe & Save,https://www.amazon.in/gp/browse.html?node=5728645031&ref_=nav_em_sbc_bhg_sns_0_2_13_10
107,"Beauty, Health, Grocery",beauty &amp; health,Value Bazaar,https://www.amazon.in/gp/browse.html?node=6802110031&ref_=nav_em_sbc_bhg_valuebazaar_0_2_13_11
108,"Beauty, Health, Grocery",grocery &amp; gourmet foods,All Grocery & Gourmet Foods,https://www.amazon.in/gp/browse.html?node=2454178031&ref_=nav_em_sbc_bhg_gourmet_all_0_2_13_13
109,"Beauty, Health, Grocery",grocery &amp; gourmet foods,"Coffee, Tea & Beverages",https://www.amazon.in/gp/browse.html?node=4859478031&ref_=nav_em_sbc_bhg_beverages_0_2_13_14
110,"Beauty, Health, Grocery",grocery &amp; gourmet foods,Snack Foods,https://www.amazon.in/gp/browse.html?node=4859498031&ref_=nav_em_sbc_bhg_snacks_0_2_13_15
111,"Sports, Fitness, Bags, Luggage",sports &amp; fitness,Cricket,https://www.amazon.in/gp/browse.html?node=3403628031&ref_=nav_em_sbc_sportslugg_cricket_0_2_14_2
112,"Sports, Fitness, Bags, Luggage",sports &amp; fitness,Badminton,https://www.amazon.in/gp/browse.html?node=3403619031&ref_=nav_em_sbc_sportslugg_badminton_0_2_14_3
113,"Sports, Fitness, Bags, Luggage",sports &amp; fitness,Cycling,https://www.amazon.in/gp/browse.html?node=3403629031&ref_=nav_em_sbc_sportslugg_cycling_0_2_14_4
114,"Sports, Fitness, Bags, Luggage",sports &amp; fitness,Football,https://www.amazon.in/gp/browse.html?node=3403640031&ref_=nav_em_sbc_sportslugg_football_0_2_14_5
115,"Sports, Fitness, Bags, Luggage",sports &amp; fitness,Running,https://www.amazon.in/gp/browse.html?node=3403659031&ref_=nav_em_sbc_sportslugg_running_0_2_14_6
116,"Sports, Fitness, Bags, Luggage",sports &amp; fitness,Camping & Hiking,https://www.amazon.in/gp/browse.html?node=1984988031&ref_=nav_em_sbc_sportslugg_camping_0_2_14_7
117,"Sports, Fitness, Bags, Luggage",sports &amp; fitness,Fitness Accessories,https://www.amazon.in/gp/browse.html?node=3403925031&ref_=nav_em_sbc_sportslugg_fitness_acc_0_2_14_8
118,"Sports, Fitness, Bags, Luggage",sports &amp; fitness,Yoga,https://www.amazon.in/gp/browse.html?node=3403935031&ref_=nav_em_sbc_sportslugg_yoga_0_2_14_9
119,"Sports, Fitness, Bags, Luggage",sports &amp; fitness,Strength Training,https://www.amazon.in/gp/browse.html?node=3403933031&ref_=nav_em_sbc_sportslugg_strength_0_2_14_10
120,"Sports, Fitness, Bags, Luggage",sports &amp; fitness,Cardio Equipment,https://www.amazon.in/gp/browse.html?node=3403926031&ref_=nav_em_sbc_sportslugg_cardio_0_2_14_11
121,"Sports, Fitness, Bags, Luggage",sports &amp; fitness,Sports Collectibles,https://www.amazon.in/gp/browse.html?node=14158326031&ref_=nav_em_sbc_sportslugg_collectibles_0_2_14_12
122,"Sports, Fitness, Bags, Luggage",sports &amp; fitness,Refurbished & Open Box,https://www.amazon.in/gp/browse.html?node=15290772031&ref_=nav_em_sbc_sports_certfied_refurbished_0_2_14_13
123,"Sports, Fitness, Bags, Luggage",sports &amp; fitness,All Exercise & Fitness,https://www.amazon.in/gp/browse.html?node=3403635031&ref_=nav_em_sbc_sportslugg_exercise_0_2_14_14
124,"Sports, Fitness, Bags, Luggage",sports &amp; fitness,"All Sports, Fitness & Outdoors",https://www.amazon.in/gp/browse.html?node=1984443031&ref_=nav_em_sbc_sportslugg_all_sports_0_2_14_15
125,"Sports, Fitness, Bags, Luggage",bags &amp; luggage,Backpacks,https://www.amazon.in/gp/browse.html?node=2917430031&ref_=nav_em_sbc_sportslugg_backpacks_0_2_14_17
126,"Sports, Fitness, Bags, Luggage",bags &amp; luggage,Rucksacks,https://www.amazon.in/gp/browse.html?node=1984997031&ref_=nav_em_sbc_sportslugg_rucksacks_0_2_14_18
127,"Sports, Fitness, Bags, Luggage",bags &amp; luggage,Suitcases & Trolley Bags,https://www.amazon.in/gp/browse.html?node=2917450031&ref_=nav_em_sbc_sportslugg_checkinbags_0_2_14_19
128,"Sports, Fitness, Bags, Luggage",bags &amp; luggage,Travel Duffles,https://www.amazon.in/gp/browse.html?node=2917451031&ref_=nav_em_sbc_sportslugg_duffles_0_2_14_20
129,"Sports, Fitness, Bags, Luggage",bags &amp; luggage,Travel Accessories,https://www.amazon.in/gp/browse.html?node=2917434031&ref_=nav_em_sbc_sportslugg_travelacc_0_2_14_21
130,"Sports, Fitness, Bags, Luggage",bags &amp; luggage,Wallets,https://www.amazon.in/gp/browse.html?node=2917484031&ref_=nav_em_sbc_sportslugg_wallets_0_2_14_22
131,"Toys, Baby Products, Kids' Fashion",toys &amp; baby products,Toys & Games,https://www.amazon.in/gp/browse.html?node=1350380031&ref_=nav_em_sbc_tbk_toys_games_0_2_15_2
132,"Toys, Baby Products, Kids' Fashion",toys &amp; baby products,Baby Products,https://www.amazon.in/gp/browse.html?node=1571274031&ref_=nav_em_sbc_tbk_baby_products_0_2_15_3
133,"Toys, Baby Products, Kids' Fashion",toys &amp; baby products,Diapers,https://www.amazon.in/gp/browse.html?node=1953345031&ref_=nav_em_sbc_tbk_diapers_0_2_15_4
134,"Toys, Baby Products, Kids' Fashion",toys &amp; baby products,Toys Gifting Store,https://www.amazon.in/gp/browse.html?node=12187967031&ref_=nav_em_sbc_tbk_toysgiftstore_0_2_15_5
135,"Toys, Baby Products, Kids' Fashion",toys &amp; baby products,STEM Toys Store,https://www.amazon.in/gp/browse.html?node=9783607031&ref_=nav_em_sbc_tbk_stemtoys_0_2_15_6
136,"Toys, Baby Products, Kids' Fashion",toys &amp; baby products,International Toy Store,https://www.amazon.in/gp/browse.html?node=8988918031&ref_=nav_em_sbc_tbk_intltoys_0_2_15_7
137,"Toys, Baby Products, Kids' Fashion",toys &amp; baby products,"Baby Bath, Skin & Grooming",https://www.amazon.in/gp/browse.html?node=1953111031&ref_=nav_em_sbc_tbk_babybath_0_2_15_8
138,"Toys, Baby Products, Kids' Fashion",toys &amp; baby products,Strollers & Prams,https://www.amazon.in/gp/browse.html?node=1953480031&ref_=nav_em_sbc_tbk_strollers_0_2_15_9
139,"Toys, Baby Products, Kids' Fashion",toys &amp; baby products,Nursing & Feeding,https://www.amazon.in/gp/browse.html?node=1953448031&ref_=nav_em_sbc_tbk_nursing_0_2_15_10
140,"Toys, Baby Products, Kids' Fashion",toys &amp; baby products,Subscribe & Save,https://www.amazon.in/gp/browse.html?node=5728645031&ref_=nav_em_sbc_tbk_sns_0_2_15_11
141,"Toys, Baby Products, Kids' Fashion",toys &amp; baby products,Pantry,https://www.amazon.in/gp/browse.html?node=9574332031&ref_=nav_em_sbc_tbk_pantry_0_2_15_12
142,"Toys, Baby Products, Kids' Fashion",kids' fashion,Kids' Clothing,https://www.amazon.in/gp/browse.html?node=4091091031&ref_=nav_em_sbc_tbk_kids_clothing_0_2_15_14
143,"Toys, Baby Products, Kids' Fashion",kids' fashion,Kids' Shoes,https://www.amazon.in/gp/browse.html?node=4091095031&ref_=nav_em_sbc_tbk_kids_shoes_0_2_15_15
144,"Toys, Baby Products, Kids' Fashion",kids' fashion,School Bags,https://www.amazon.in/gp/browse.html?node=2917444031&ref_=nav_em_sbc_tbk_school_bags_0_2_15_16
145,"Toys, Baby Products, Kids' Fashion",kids' fashion,Kids' Watches,https://www.amazon.in/gp/browse.html?node=8564835031&ref_=nav_em_sbc_tbk_kids_watches_0_2_15_17
146,"Toys, Baby Products, Kids' Fashion",kids' fashion,Kids' Fashion,https://www.amazon.in/gp/browse.html?node=9361420031&ref_=nav_em_sbc_tbk_kids_fashion_0_2_15_18
147,"Toys, Baby Products, Kids' Fashion",kids' fashion,Baby Fashion,https://www.amazon.in/gp/browse.html?node=11987349031&ref_=nav_em_sbc_tbk_baby_fashion_0_2_15_19
148,"Car, Motorbike, Industrial",car &amp; motorbike,Motorbike Accessories & Parts,https://www.amazon.in/gp/browse.html?node=5257478031&ref_=nav_em_sbc_auto_bike_acc_0_2_16_2
149,"Car, Motorbike, Industrial",car &amp; motorbike,Car Accessories,https://www.amazon.in/gp/browse.html?node=5257474031&ref_=nav_em_sbc_auto_caracc_0_2_16_3
150,"Car, Motorbike, Industrial",car &amp; motorbike,Car Electronics,https://www.amazon.in/gp/browse.html?node=1389221031&ref_=nav_em_sbc_auto_carelec_0_2_16_4
151,"Car, Motorbike, Industrial",car &amp; motorbike,Car Parts,https://www.amazon.in/gp/browse.html?node=5257475031&ref_=nav_em_sbc_auto_carparts_0_2_16_5
152,"Car, Motorbike, Industrial",car &amp; motorbike,Car & Bike Care,https://www.amazon.in/gp/browse.html?node=5257472031&ref_=nav_em_sbc_auto_care_0_2_16_6
153,"Car, Motorbike, Industrial",car &amp; motorbike,All Car & Motorbike Products,https://www.amazon.in/gp/browse.html?node=4772060031&ref_=nav_em_sbc_auto_all_0_2_16_7
154,"Car, Motorbike, Industrial",industrial supplies,Industrial & Scientific Supplies,https://www.amazon.in/gp/browse.html?node=5866078031&ref_=nav_em_sbc_auto_ind_all_0_2_16_9
155,"Car, Motorbike, Industrial",industrial supplies,"Test, Measure & Inspect",https://www.amazon.in/gp/browse.html?node=6395912031&ref_=nav_em_sbc_auto_ind_test_0_2_16_10
156,"Car, Motorbike, Industrial",industrial supplies,Lab & Scientific,https://www.amazon.in/gp/browse.html?node=6409335031&ref_=nav_em_sbc_auto_ind_lab_0_2_16_11
157,"Car, Motorbike, Industrial",industrial supplies,Janitorial & Sanitation Supplies,https://www.amazon.in/gp/browse.html?node=6563520031&ref_=nav_em_sbc_auto_ind_jansan_0_2_16_12
158,Books,books,All Books,https://www.amazon.in/gp/browse.html?node=976389031&ref_=nav_em_sbc_books_all_0_2_17_2
159,Books,books,Fiction Books,https://www.amazon.in/gp/browse.html?node=1318157031&ref_=nav_em_sbc_books_fiction_0_2_17_3
160,Books,books,Editor's Corner,https://www.amazon.in/gp/browse.html?node=10591963031&ref_=nav_em_sbc_books_editorscorner_0_2_17_4
161,Books,books,School Textbooks,https://www.amazon.in/gp/browse.html?node=4149807031&ref_=nav_em_sbc_books_schooltexts_0_2_17_5
162,Books,books,Children's Books,https://www.amazon.in/gp/browse.html?node=1318073031&ref_=nav_em_sbc_books_children_0_2_17_6
163,Books,books,Exam Central,https://www.amazon.in/gp/browse.html?node=4149751031&ref_=nav_em_sbc_books_examcentral_0_2_17_7
164,Books,books,Textbooks,https://www.amazon.in/gp/browse.html?node=4149418031&ref_=nav_em_sbc_books_textbooks_0_2_17_8
165,Books,books,Indian Language Books,https://www.amazon.in/gp/browse.html?node=4932325031&ref_=nav_em_sbc_books_indian_0_2_17_9
166,Books,books,Kindle eBooks,https://www.amazon.in/gp/browse.html?node=1634753031&ref_=nav_em_sbc_books_ebooks_0_2_17_10
167,Books,audible audiobooks,Audible Audiobooks & more,https://www.amazon.in/gp/browse.html?node=11477925031&ref_=nav_em_aud_0_2_17_12
168,Books,audible audiobooks,Audible Membership,https://www.amazon.in/dp/B077S5CVBQ?ref_=nav_em_aud_1_0_2_17_13
169,"Movies, Music &amp; Video Games", movies &amp; tv shows,All Movies & TV Shows,https://www.amazon.in/gp/browse.html?node=976416031&ref_=nav_em_sbc_mmvg_movies_all_0_2_18_2
170,"Movies, Music &amp; Video Games", movies &amp; tv shows,Blu-ray,https://www.amazon.in/gp/browse.html?node=1575405031&ref_=nav_em_sbc_mmvg_movies_bluray_0_2_18_3
171,"Movies, Music &amp; Video Games", movies &amp; tv shows,All English,https://www.amazon.in/gp/browse.html?node=4068583031&ref_=nav_em_sbc_mmvg_movies_eng_0_2_18_4
172,"Movies, Music &amp; Video Games", movies &amp; tv shows,All Hindi,https://www.amazon.in/gp/browse.html?node=4068584031&ref_=nav_em_sbc_mmvg_movies_hindi_0_2_18_5
173,"Movies, Music &amp; Video Games", movies &amp; tv shows,Entertainment Collectibles,https://www.amazon.in/gp/browse.html?node=14596996031&ref_=nav_em_sbc_mmvg_ent_collectibles_0_2_18_6
174,"Movies, Music &amp; Video Games",video games,Gaming Consoles,https://www.amazon.in/gp/browse.html?node=4092115031&ref_=nav_em_sbc_mmvg_consoles_0_2_18_8
175,"Movies, Music &amp; Video Games",video games,Latest Video Games,https://www.amazon.in/gp/browse.html?node=4069183031&ref_=nav_em_sbc_mmvg_latestvg_0_2_18_9
176,"Movies, Music &amp; Video Games",video games,Gaming Accessories,https://www.amazon.in/gp/browse.html?node=4092116031&ref_=nav_em_sbc_mmvg_vgaccessories_0_2_18_10
177,"Movies, Music &amp; Video Games",video games, PC Games ,https://www.amazon.in/gp/browse.html?node=1376518031&ref_=nav_em_sbc_mmvg_pcgames_0_2_18_11
178,"Movies, Music &amp; Video Games",video games,Video Games Deals,https://www.amazon.in/gp/browse.html?node=4238594031&ref_=nav_em_sbc_mmvg_vgdeals_0_2_18_12
179,"Movies, Music &amp; Video Games",video games,All Video Games,https://www.amazon.in/gp/browse.html?node=976460031&ref_=nav_em_sbc_mmvg_allvg_0_2_18_13
180,"Movies, Music &amp; Video Games",music,All Music,https://www.amazon.in/gp/browse.html?node=976445031&ref_=nav_em_sbc_mmvg_music_all_0_2_18_15
181,"Movies, Music &amp; Video Games",music,International Music,https://www.amazon.in/gp/browse.html?node=4092674031&ref_=nav_em_sbc_mmvg_music_intl_0_2_18_16
182,"Movies, Music &amp; Video Games",music,Film Songs,https://www.amazon.in/gp/browse.html?node=1375845031&ref_=nav_em_sbc_mmvg_music_films_0_2_18_17
183,"Movies, Music &amp; Video Games",music,Indian Classical,https://www.amazon.in/gp/browse.html?node=1375848031&ref_=nav_em_sbc_mmvg_music_classical_0_2_18_18
184,"Movies, Music &amp; Video Games",music,Musical Instruments & Professional Audio,https://www.amazon.in/gp/browse.html?node=3677697031&ref_=nav_em_sbc_mmvg_musical_inst_0_2_18_19
185,"Movies, Music &amp; Video Games",stream music,Open web player,https://music.amazon.in/home?ref_=nav_em_dmm_in_nav_pc_mu_webplayer_0_2_18_21
186,"Movies, Music &amp; Video Games",stream music,Amazon Prime Music,http://www.amazon.in/music/prime?ref_=nav_em_dmm_in_nav_pc_mu_mlp_0_2_18_22
